-- phpMyAdmin SQL Dump
-- version 3.4.9
-- http://www.phpmyadmin.net
--
-- Host: mysql51-024.wc2:3306
-- Generation Time: Oct 22, 2013 at 04:54 PM
-- Server version: 5.1.61
-- PHP Version: 5.2.13

SET SQL_MODE="NO_AUTO_VALUE_ON_ZERO";
SET time_zone = "+00:00";


/*!40101 SET @OLD_CHARACTER_SET_CLIENT=@@CHARACTER_SET_CLIENT */;
/*!40101 SET @OLD_CHARACTER_SET_RESULTS=@@CHARACTER_SET_RESULTS */;
/*!40101 SET @OLD_COLLATION_CONNECTION=@@COLLATION_CONNECTION */;
/*!40101 SET NAMES utf8 */;

--
-- Database: `781878_av2p`
--

-- --------------------------------------------------------

--
-- Table structure for table `tablearghierarchy`
--

CREATE TABLE IF NOT EXISTS `tablearghierarchy` (
  `id_relationship` int(11) NOT NULL AUTO_INCREMENT,
  `id_parent` int(11) NOT NULL,
  `id_child` int(11) NOT NULL,
  `selection_count` int(11) NOT NULL DEFAULT '0',
  PRIMARY KEY (`id_relationship`)
) ENGINE=MyISAM  DEFAULT CHARSET=latin1 AUTO_INCREMENT=82 ;

--
-- Dumping data for table `tablearghierarchy`
--

INSERT INTO `tablearghierarchy` (`id_relationship`, `id_parent`, `id_child`, `selection_count`) VALUES
(1, 12, 10, 5),
(2, 12, 9, 0),
(3, 12, 8, 3),
(4, 46, 49, 0),
(5, 46, 50, 0),
(6, 46, 51, 0),
(7, 46, 52, 0),
(8, 46, 55, 0),
(9, 46, 57, 0),
(10, 46, 62, 1),
(11, 63, 64, 2),
(12, 63, 65, 3),
(13, 63, 66, 0),
(14, 63, 67, 0),
(15, 63, 68, 0),
(16, 70, 71, 0),
(17, 72, 73, 2),
(18, 70, 74, 0),
(19, 74, 75, 0),
(20, 74, 76, 0),
(21, 74, 77, 0),
(22, 74, 78, 0),
(23, 78, 79, 0),
(24, 54, 80, 0),
(25, 65, 83, 0),
(26, 63, 84, 0),
(27, 63, 62, 0),
(28, 1, 85, 0),
(29, 1, 86, 0),
(30, 1, 87, 0),
(31, 1, 88, 0),
(32, 1, 89, 0),
(33, 1, 90, 0),
(34, 43, 91, 0),
(35, 43, 16, 0),
(36, 44, 110, 0),
(37, 63, 115, 0),
(38, 63, 41, 0),
(39, 63, 42, 0),
(40, 46, 41, 0),
(41, 46, 116, 0),
(42, 116, 42, 0),
(43, 116, 41, 0),
(44, 46, 117, 0),
(45, 121, 123, 0),
(46, 123, 124, 0),
(47, 121, 125, 0),
(48, 125, 123, 0),
(49, 125, 0, 0),
(50, 126, 127, 0),
(51, 126, 128, 0),
(52, 126, 129, 0),
(53, 126, 130, 0),
(54, 126, 131, 0),
(55, 129, 132, 0),
(56, 129, 133, 0),
(57, 129, 134, 0),
(58, 135, 136, 0),
(59, 135, 123, 0),
(60, 138, 139, 2),
(61, 139, 140, 1),
(62, 139, 141, 0),
(63, 16, 142, 0),
(64, 12, 150, 13),
(65, 153, 154, 0),
(66, 153, 155, 0),
(67, 153, 156, 0),
(68, 153, 16, 0),
(69, 157, 158, 1),
(70, 157, 159, 0),
(71, 157, 160, 0),
(72, 158, 161, 0),
(73, 158, 162, 0),
(74, 157, 163, 2),
(75, 163, 165, 0),
(76, 163, 166, 0),
(77, 163, 167, 1),
(78, 167, 168, 1),
(79, 168, 169, 0),
(80, 168, 170, 0),
(81, 168, 171, 0);

-- --------------------------------------------------------

--
-- Table structure for table `tableargtopics`
--

CREATE TABLE IF NOT EXISTS `tableargtopics` (
  `id_tag` int(11) NOT NULL AUTO_INCREMENT,
  `id_argument` int(11) NOT NULL,
  `id_topic` int(11) NOT NULL,
  `selection_count` int(11) NOT NULL DEFAULT '0',
  PRIMARY KEY (`id_tag`)
) ENGINE=MyISAM  DEFAULT CHARSET=latin1 AUTO_INCREMENT=114 ;

--
-- Dumping data for table `tableargtopics`
--

INSERT INTO `tableargtopics` (`id_tag`, `id_argument`, `id_topic`, `selection_count`) VALUES
(8, 12, 5, 2),
(7, 12, 9, 0),
(5, 12, 2, 13),
(6, 12, 6, 33),
(9, 14, 2, 2),
(10, 14, 9, 0),
(11, 15, 9, 0),
(12, 15, 11, 0),
(13, 16, 12, 0),
(14, 24, 12, 0),
(15, 25, 12, 0),
(16, 38, 12, 0),
(17, 39, 12, 0),
(18, 40, 12, 0),
(19, 41, 21, 0),
(20, 42, 21, 0),
(21, 42, 22, 0),
(22, 43, 26, 0),
(23, 44, 26, 0),
(24, 45, 21, 0),
(25, 46, 24, 0),
(26, 47, 26, 0),
(27, 48, 24, 0),
(28, 53, 26, 0),
(29, 54, 26, 0),
(30, 56, 22, 0),
(31, 58, 26, 0),
(32, 59, 24, 1),
(33, 60, 27, 0),
(34, 61, 26, 0),
(35, 63, 27, 0),
(36, 69, 27, 0),
(37, 70, 27, 0),
(38, 72, 26, 1),
(39, 63, 24, 0),
(40, 63, 23, 1),
(41, 63, 25, 0),
(42, 63, 21, 1),
(43, 63, 26, 0),
(44, 81, 1, 0),
(45, 82, 1, 0),
(46, 63, 20, 0),
(47, 0, 25, 0),
(48, 0, 24, 0),
(49, 41, 24, 0),
(50, 43, 24, 0),
(51, 41, 25, 0),
(52, 92, 2, 2),
(53, 93, 5, 3),
(54, 94, 5, 0),
(55, 95, 5, 0),
(56, 96, 1, 0),
(57, 97, 5, 0),
(58, 98, 5, 0),
(59, 99, 5, 0),
(60, 100, 5, 0),
(61, 101, 7, 2),
(62, 102, 31, 3),
(63, 103, 1, 0),
(64, 103, 31, 0),
(65, 104, 26, 0),
(66, 105, 26, 0),
(67, 106, 31, 0),
(68, 106, 24, 0),
(69, 107, 26, 0),
(70, 108, 31, 0),
(71, 109, 5, 2),
(72, 12, 18, 2),
(73, 111, 7, 0),
(74, 112, 33, 0),
(75, 113, 33, 2),
(76, 114, 33, 0),
(77, 118, 37, 0),
(78, 119, 39, 0),
(79, 120, 39, 0),
(80, 121, 40, 0),
(81, 122, 40, 0),
(82, 123, 40, 0),
(83, 119, 36, 0),
(84, 120, 36, 0),
(85, 126, 43, 0),
(86, 101, 40, 0),
(87, 135, 44, 0),
(88, 137, 7, 0),
(89, 138, 7, 2),
(90, 138, 45, 0),
(91, 16, 45, 0),
(92, 143, 46, 0),
(93, 144, 46, 0),
(94, 148, 61, 0),
(95, 149, 61, 0),
(96, 151, 6, 20),
(97, 102, 0, 1),
(98, 15, 0, 1),
(99, 72, 0, 1),
(100, 59, 0, 1),
(101, 152, 57, 2),
(102, 153, 57, 3),
(103, 157, 70, 2),
(104, 164, 69, 1),
(105, 163, 70, 2),
(106, 172, 69, 3),
(107, 16, 0, 1),
(108, 138, 57, 2),
(109, 101, 57, 0),
(110, 173, 73, 2),
(111, 174, 73, 1),
(112, 175, 73, 1),
(113, 174, 0, 1);

-- --------------------------------------------------------

--
-- Table structure for table `tablearguments`
--

CREATE TABLE IF NOT EXISTS `tablearguments` (
  `id_argument` int(11) NOT NULL AUTO_INCREMENT,
  `title` varchar(256) NOT NULL,
  PRIMARY KEY (`id_argument`)
) ENGINE=MyISAM  DEFAULT CHARSET=latin1 AUTO_INCREMENT=176 ;

--
-- Dumping data for table `tablearguments`
--

INSERT INTO `tablearguments` (`id_argument`, `title`) VALUES
(1, 'Argument Title'),
(2, 'Title'),
(3, 'Title'),
(4, 'Title'),
(5, 'Title'),
(6, 'Title'),
(7, 'Title'),
(8, 'Title'),
(9, 'Title'),
(10, 'Too expensive'),
(11, 'Title'),
(12, 'Referendum in the EU'),
(13, 'Title'),
(14, 'Stimulus instead of cuts'),
(15, 'Tax cuts would benefit the economy'),
(16, 'Carbon taxes are good for the environment'),
(17, 'Title'),
(18, 'Title'),
(19, 'Title'),
(20, 'Title'),
(21, 'Title'),
(22, 'Title'),
(23, 'Title'),
(24, 'Title'),
(25, 'Title'),
(26, 'Title'),
(27, 'Title'),
(28, 'Title'),
(29, 'Title'),
(30, 'Title'),
(31, 'Title'),
(32, 'Title'),
(33, 'Title'),
(34, 'Title'),
(35, 'Title'),
(36, 'Title'),
(37, 'Title'),
(38, 'Title'),
(39, 'Title'),
(40, 'Use VAT for green taxes'),
(41, 'Should create new argument open in a new tab?'),
(42, 'For simplicity, have a More button for options on creating topic links e.g. parent'),
(43, 'Where to put Create new argument on entry page'),
(44, 'Button bar should have a link to home, or root topic'),
(45, 'It seems this could be used for anything, not just args. So call it Entry.'),
(46, 'What should go on the topic page?'),
(47, 'Text entry box - it is not obvious how to enter, and it is not obvious when you do press enter'),
(48, 'What needs to go on the topic page?'),
(49, 'Topic name'),
(50, 'Child topics'),
(51, 'Parent topics'),
(52, 'Create new topic link'),
(53, 'Reset text entry boxes when necessary'),
(54, 'Update url, so every view has a unique url'),
(55, 'List of entries tagged with topic'),
(56, 'Pare it back so remove supports/opposes. It is just entries.'),
(57, 'Link to root'),
(58, 'Add url for entry, somehow'),
(59, 'Topic page concepts'),
(60, 'Everything is linked, you cannot remove stuff. so nothing ever gets lost.'),
(61, 'php needs to handle quotes, and other shit'),
(62, 'Create new argument (in topic) link'),
(63, 'Topics are shared by everyone.'),
(64, 'No-one owns a topic, because it is simply flagging a work, like wikimedia'),
(65, 'No-one owns a topic, because it is simply flagging a word, like wikimedia'),
(66, 'People have control over links, and no doubt there will be many mischievous links'),
(67, 'Would not link url to topic, because it is not owned by anyone'),
(68, 'The topic graph is not creative in that sense, it is just about flagging what is theoretically there.'),
(69, 'I want it to work on phones but I find myself thinking multiple lines - not so bad in big browser'),
(70, 'Entries are personal.'),
(71, 'The creator of an entry owns it. Well, they cannot edit it, but they define it.'),
(72, 'create new argument has the problem that it should be a one-off entry. '),
(73, 'Could flag it as unedited, or be empty to start, but once entered cannot be changed.'),
(74, 'Could allow the user to provide a url also'),
(75, 'This is so they feel they can make a point, and back it up with a reference, rather than cram explanation into limited space.'),
(76, 'Potentially dangerous'),
(77, 'This could be really motivating. '),
(78, 'People can use it to organise research.'),
(79, 'You could list references under a topic.'),
(80, 'Might be able to do this in the php'),
(81, 'Title'),
(82, 'test new way of creating'),
(83, 'Theoretically, it already exists'),
(84, 'Test create new'),
(85, 'Euro in crisis'),
(86, 'Euro in crisis'),
(87, 'Euro in a crisis'),
(88, 'Euro in a crisss'),
(89, 'Euro in cr'),
(90, 'test'),
(91, 'test1'),
(92, 'new test'),
(93, 'How to act on CC'),
(94, 'How much percent of land'),
(95, 'Air quality'),
(96, 'water quality'),
(97, 'land quality'),
(98, 'green space quality'),
(99, 'other quality'),
(100, 'more quality'),
(101, 'solar panels are good'),
(102, 'OneTopic is Load rather than LoadContent'),
(103, 'create new arg it doesnt reload args in topic'),
(104, 'Create a debug console, rather than what I got right now'),
(105, 'Where should visibility init go?'),
(106, 'Maybe dont switch to arg after creating it (if creating lots of args)'),
(107, 'Write some documentation'),
(108, 'Could have a checkbox - go to arg page? Would that work?'),
(109, 'Something about badgers'),
(110, 'Actually only needs to be visible on topic page'),
(111, 'wind turbines are good'),
(112, 'Title'),
(113, 'jqueryIdNewArgTextInput2'),
(114, 'did that not work'),
(115, 'test new subarg'),
(116, 'another topic page entry'),
(117, 'limit of 10 args'),
(118, 'Is the new welfare to work programme any good?'),
(119, 'Will it reduce unemployment?'),
(120, 'Is it a waste of money?'),
(121, 'test arg'),
(122, 'test arg2'),
(123, 'test sub arg'),
(124, 'test sub sub arg'),
(125, 'another test sub arg'),
(126, 'Adopt Leveson?'),
(127, 'not govts job to limit press freedom'),
(128, 'the press are getting their house in order'),
(129, 'victims want some protection'),
(130, 'the press should be able to expose things in the public interest'),
(131, 'some gossip is in the public interest'),
(132, 'at the moment the press can print first worry about it later'),
(133, 'there is no obligation to get a response first and give someone a chance to get an injunction'),
(134, 'victims are sometimes not public figures who dont have the means to defend themselves'),
(135, 'How is the latest scheme working?'),
(136, 'Is it profitable for the householder?'),
(137, 'justify tariff paid to users'),
(138, 'don''t use fossil fuels'),
(139, 'this is the whole climate change argument'),
(140, 'climate change is man made'),
(141, 'we must stop using fossil fuels'),
(142, 'makes consumers use less fossil fuels'),
(143, 'Fuel duty'),
(144, 'Raise or lower fuel duty'),
(145, 'test solar'),
(146, 'try another'),
(147, 'test solar again'),
(148, 'test solar again2'),
(149, 'test solar again3'),
(150, 'new one'),
(151, 'New education argument'),
(152, 'green energy is needed for many reas'),
(153, 'green energy is needed for many reasons'),
(154, 'climate change'),
(155, 'pollution'),
(156, 'so as not dependent on limited fossil fuel supplies'),
(157, 'spend to get out of debt'),
(158, 'spending stimulates the economy'),
(159, 'spending increases debt'),
(160, 'spending is a bad message'),
(161, 'this is keynesean economics'),
(162, 'spending keeps things constant in the economy when downturn'),
(163, 'cuts are damaging'),
(164, 'sometimes when adding sub arg or id it doesn''t reload'),
(165, 'cuts put people out of work'),
(166, 'cuts ruin vital services that lead to higher cost in the long run'),
(167, 'there is a lot of waste in the public sector'),
(168, 'there should be permanent cuts programme'),
(169, 'an ongoing waste challenge'),
(170, 'tendency of organisations to bloat'),
(171, 'tendency of people to do unnecessary things'),
(172, 'actually it is working quite well'),
(173, 'biofuels are renewable'),
(174, 'they take up a lot of land'),
(175, 'the land use ruins environment in other ways');

-- --------------------------------------------------------

--
-- Table structure for table `tabletopichierarchy`
--

CREATE TABLE IF NOT EXISTS `tabletopichierarchy` (
  `id_relationship` int(11) NOT NULL AUTO_INCREMENT,
  `id_parent` int(11) NOT NULL,
  `id_child` int(11) NOT NULL,
  `selection_count` int(11) NOT NULL DEFAULT '0',
  PRIMARY KEY (`id_relationship`)
) ENGINE=MyISAM  DEFAULT CHARSET=latin1 AUTO_INCREMENT=88 ;

--
-- Dumping data for table `tabletopichierarchy`
--

INSERT INTO `tabletopichierarchy` (`id_relationship`, `id_parent`, `id_child`, `selection_count`) VALUES
(3, 1, 3, 6),
(2, 1, 2, 178),
(4, 4, 1, 3),
(8, 5, 7, 94),
(6, 2, 5, 125),
(7, 2, 6, 15),
(9, 7, 8, 38),
(10, 2, 4, 1),
(11, 2, 9, 26),
(12, 9, 10, 8),
(13, 5, 9, 6),
(14, 5, 10, 19),
(15, 9, 11, 1),
(16, 11, 12, 0),
(17, 10, 12, 17),
(18, 2, 13, 3),
(19, 2, 14, 5),
(20, 2, 15, 4),
(21, 2, 16, 2),
(22, 2, 17, 4),
(23, 2, 18, 5),
(24, 2, 19, 7),
(25, 1, 20, 72),
(26, 20, 21, 25),
(27, 21, 22, 13),
(28, 21, 23, 14),
(29, 23, 24, 27),
(30, 23, 25, 13),
(31, 21, 26, 7),
(32, 20, 26, 36),
(33, 20, 27, 10),
(34, 26, 28, 43),
(35, 28, 29, 13),
(36, 28, 30, 4),
(37, 29, 31, 36),
(38, 29, 32, 8),
(39, 26, 33, 12),
(40, 26, 34, 2),
(41, 3, 26, 2),
(42, 26, 35, 3),
(43, 35, 26, 1),
(44, 9, 36, 16),
(45, 36, 37, 12),
(46, 9, 37, 4),
(47, 38, 36, 3),
(48, 39, 36, 20),
(49, 39, 38, 3),
(50, 39, 40, 9),
(51, 41, 39, 6),
(52, 39, 42, 3),
(53, 19, 43, 7),
(54, 7, 44, 3),
(55, 7, 45, 5),
(56, 12, 46, 1),
(57, 11, 46, 0),
(58, 37, 47, 8),
(59, 47, 48, 12),
(60, 47, 49, 0),
(61, 47, 50, 0),
(62, 53, 53, 0),
(63, 47, 51, 4),
(64, 47, 54, 2),
(65, 47, 55, 0),
(66, 47, 56, 2),
(67, 5, 57, 8),
(68, 47, 0, 0),
(69, 47, 59, 0),
(70, 47, 60, 0),
(71, 7, 61, 10),
(72, 14, 62, 0),
(73, 14, 63, 0),
(74, 14, 64, 0),
(75, 57, 65, 0),
(76, 57, 66, 2),
(77, 57, 67, 0),
(78, 57, 68, 0),
(79, 21, 69, 1),
(80, 9, 70, 2),
(81, 66, 65, 2),
(82, 57, 71, 0),
(83, 66, 57, 0),
(84, 66, 67, 0),
(85, 66, 71, 0),
(86, 66, 72, 2),
(87, 66, 73, 1);

-- --------------------------------------------------------

--
-- Table structure for table `tabletopics`
--

CREATE TABLE IF NOT EXISTS `tabletopics` (
  `id_topic` int(11) NOT NULL AUTO_INCREMENT,
  `name` varchar(64) NOT NULL,
  PRIMARY KEY (`id_topic`),
  UNIQUE KEY `id_name` (`name`),
  UNIQUE KEY `name` (`name`)
) ENGINE=MyISAM  DEFAULT CHARSET=latin1 AUTO_INCREMENT=74 ;

--
-- Dumping data for table `tabletopics`
--

INSERT INTO `tabletopics` (`id_topic`, `name`) VALUES
(1, 'Root'),
(2, 'Politics'),
(3, 'Technology'),
(4, 'Rootparent'),
(5, 'Environment'),
(6, 'Education'),
(7, 'Greenenergy'),
(8, 'Windfarms'),
(9, 'Economy'),
(10, 'Greeneconomy'),
(11, 'Tax'),
(12, 'Greentaxes'),
(13, 'Health'),
(14, 'Transport'),
(15, 'Localauthorities'),
(16, 'Foreignaffairs'),
(17, 'Justice'),
(18, 'Energy'),
(19, 'Culture'),
(20, 'Argvark'),
(21, 'Argvarkdesign'),
(22, 'Argvarksimplicity'),
(23, 'Argvarkpages'),
(24, 'Topicpage'),
(25, 'Argpage'),
(26, 'Argvarkcode'),
(27, 'Argvarkconcepts'),
(28, 'Argvarkmodules'),
(29, 'Argvarkmodulesjs'),
(30, 'Argvarkmodulesphp'),
(31, 'Topicargpage'),
(32, 'Onetopic'),
(33, 'Argvarkinterfaces'),
(34, 'Argvarkcodingstandards'),
(35, 'Argvarkmore'),
(36, 'Unemployment'),
(37, 'Welfaretoworkprogramme'),
(38, 'Testunemp'),
(39, 'Testunemp2'),
(40, 'X'),
(41, 'Y'),
(42, 'A Space'),
(43, 'Press'),
(44, 'Solarenergy'),
(45, 'Climatechange'),
(46, 'Carbontaxes'),
(47, 'Test Spaces'),
(48, 'Hh'),
(49, '2'),
(50, 'Test1'),
(51, 'Test2'),
(52, 'Test1test'),
(53, ''),
(54, 'Test Test'),
(55, 'Test3'),
(56, 'Test4'),
(57, 'Green Energy'),
(58, 'Test5 Test5'),
(59, 'Test6 Test 6'),
(60, 'Welfare To Work'),
(61, 'Solar Energy'),
(62, 'Cars'),
(63, 'Lorries'),
(64, 'Trains'),
(65, 'Wind Farms'),
(66, 'Renewables'),
(67, 'Solar Panels'),
(68, 'Fusion Reactors'),
(69, 'Argvark Mobile'),
(70, 'Debt'),
(71, 'Wave Power'),
(72, 'Wind Power'),
(73, 'Biofuels');

/*!40101 SET CHARACTER_SET_CLIENT=@OLD_CHARACTER_SET_CLIENT */;
/*!40101 SET CHARACTER_SET_RESULTS=@OLD_CHARACTER_SET_RESULTS */;
/*!40101 SET COLLATION_CONNECTION=@OLD_COLLATION_CONNECTION */;
